2024-03-16 02:30:42,NodeMCU,88:b1:e1:28:31:11
2024-03-16 02:30:43,NodeMCU,88:b1:e1:28:31:12
2024-03-16 02:30:43,NodeMCU,88:b1:e1:56:a3:a0
2024-03-16 02:30:44,NodeMCU,88:b1:e1:28:31:12
2024-03-16 02:30:44,NodeMCU,88:b1:e1:28:31:10
2024-03-16 02:30:45,NodeMCU,88:b1:e1:28:31:11
2024-03-16 02:30:46,NodeMCU,88:b1:e1:22:18:b2
2024-03-16 02:30:46,NodeMCU,88:b1:e1:28:6f:e4
2024-03-16 02:30:46,NodeMCU,88:b1:e1:28:31:12
2024-03-16 02:30:46,NodeMCU,88:b1:e1:28:31:12
2024-03-16 02:30:47,NodeMCU,88:b1:e1:28:31:10
2024-03-16 02:30:48,NodeMCU,88:b1:e1:28:31:10
2024-03-16 02:30:49,NodeMCU,88:b1:e1:28:31:12
2024-03-16 02:30:49,NodeMCU,88:b1:e1:28:6f:e4
2024-03-16 02:30:50,NodeMCU,88:b1:e1:22:18:b2
2024-03-16 02:30:50,NodeMCU,88:b1:e1:22:18:b2
2024-03-16 02:30:51,NodeMCU,88:b1:e1:28:31:10
2024-03-16 02:30:51,NodeMCU,10:10:81:b8:84:10
2024-03-16 02:30:52,NodeMCU,88:b1:e1:28:31:12
2024-03-16 02:30:52,NodeMCU,10:10:81:b8:84:10
2024-03-16 02:30:52,NodeMCU,10:10:81:b8:84:10
2024-03-16 02:30:52,NodeMCU,10:10:81:b8:84:10
2024-03-16 02:30:52,NodeMCU,88:b1:e1:28:31:11
2024-03-16 02:30:53,NodeMCU,10:10:81:b8:84:10
2024-03-16 02:30:54,NodeMCU,88:b1:e1:56:a3:a0
2024-03-16 02:30:55,NodeMCU,88:b1:e1:28:31:11
2024-03-16 02:30:55,NodeMCU,88:b1:e1:28:6f:e3
2024-03-16 02:30:55,NodeMCU,88:b1:e1:28:31:10
2024-03-16 02:30:56,NodeMCU,88:b1:e1:28:31:12
2024-03-16 02:30:57,NodeMCU,88:b1:e1:56:a3:a0
2024-03-16 02:30:57,NodeMCU,88:b1:e1:28:6f:e3
2024-03-16 02:30:57,NodeMCU,88:b1:e1:28:31:12
2024-03-16 02:30:57,NodeMCU,88:b1:e1:28:31:10
2024-03-16 02:30:57,NodeMCU,88:b1:e1:28:31:12
2024-03-16 02:30:57,NodeMCU,88:b1:e1:28:31:11
2024-03-16 02:30:57,NodeMCU,88:b1:e1:28:31:10
2024-03-16 02:30:58,NodeMCU,88:b1:e1:28:31:11
2024-03-16 02:30:58,NodeMCU,88:b1:e1:28:31:10
2024-03-16 02:30:58,NodeMCU,88:b1:e1:28:31:11
2024-03-16 02:30:58,NodeMCU,88:b1:e1:28:31:12
2024-03-16 02:30:58,NodeMCU,88:b1:e1:28:31:11
2024-03-16 02:30:58,NodeMCU,88:b1:e1:22:18:b2
2024-03-16 02:30:58,NodeMCU,88:b1:e1:28:7e:50
2024-03-16 02:30:58,NodeMCU,88:b1:e1:28:31:12
2024-03-16 02:30:59,NodeMCU,88:b1:e1:28:6f:e4
2024-03-16 02:30:59,NodeMCU,88:b1:e1:28:31:12
2024-03-16 02:30:59,NodeMCU,88:b1:e1:28:31:12
2024-03-16 02:30:59,NodeMCU,88:b1:e1:28:31:12
2024-03-16 02:31:00,NodeMCU,88:b1:e1:28:31:11
2024-03-16 02:31:00,NodeMCU,88:b1:e1:28:7e:52
2024-03-16 02:31:00,NodeMCU,88:b1:e1:28:31:12
2024-03-16 02:31:00,NodeMCU,88:b1:e1:28:31:11
2024-03-16 02:31:00,NodeMCU,88:b1:e1:22:18:b2
2024-03-16 02:31:01,NodeMCU,88:b1:e1:28:31:10
2024-03-16 02:31:01,NodeMCU,10:10:81:b8:84:10
2024-03-16 02:31:01,NodeMCU,88:b1:e1:28:31:12
2024-03-16 02:31:01,NodeMCU,88:b1:e1:28:31:12
2024-03-16 02:31:01,NodeMCU,88:b1:e1:28:31:11
2024-03-16 02:31:02,NodeMCU,6e:75:5a:bd:66:97
2024-03-16 02:31:03,NodeMCU,88:b1:e1:28:31:12
2024-03-16 02:31:03,NodeMCU,88:b1:e1:56:a3:a0
2024-03-16 02:31:04,NodeMCU,88:b1:e1:22:18:b2
2024-03-16 02:31:04,NodeMCU,88:b1:e1:56:a3:a0
2024-03-16 02:31:04,NodeMCU,88:b1:e1:28:31:11
2024-03-16 02:31:04,NodeMCU,88:b1:e1:28:31:12
2024-03-16 02:31:04,NodeMCU,88:b1:e1:28:31:11
2024-03-16 02:31:04,NodeMCU,4a:2d:e5:8c:3e:5c
2024-03-16 02:31:04,NodeMCU,88:b1:e1:28:31:11
2024-03-16 02:31:04,NodeMCU,88:b1:e1:28:31:11
2024-03-16 02:31:05,NodeMCU,88:b1:e1:28:31:12
2024-03-16 02:31:05,NodeMCU,88:b1:e1:28:31:11
2024-03-16 02:31:05,NodeMCU,4a:2d:e5:8c:3e:5c
2024-03-16 02:31:05,NodeMCU,4a:2d:e5:8c:3e:5c
2024-03-16 02:31:05,NodeMCU,88:b1:e1:28:31:10
2024-03-16 02:31:05,NodeMCU,4a:2d:e5:8c:3e:5c
2024-03-16 02:31:06,NodeMCU,88:b1:e1:28:7e:51
2024-03-16 02:31:06,NodeMCU,88:b1:e1:28:31:11
2024-03-16 02:31:06,NodeMCU,88:b1:e1:28:31:12
2024-03-16 02:31:07,NodeMCU,88:b1:e1:28:31:11
2024-03-16 02:31:07,NodeMCU,88:b1:e1:28:7e:51
2024-03-16 02:31:08,NodeMCU,88:b1:e1:28:31:12
2024-03-16 02:31:08,NodeMCU,88:b1:e1:56:a3:a2
2024-03-16 02:31:09,NodeMCU,88:b1:e1:28:31:12
2024-03-16 02:31:09,NodeMCU,88:b1:e1:56:a3:a0
2024-03-16 02:31:09,NodeMCU,88:b1:e1:28:31:10
2024-03-16 02:31:09,NodeMCU,88:b1:e1:28:31:11
2024-03-16 02:31:09,NodeMCU,88:b1:e1:28:31:12
2024-03-16 02:31:09,NodeMCU,4a:2d:e5:8c:3e:5c
2024-03-16 02:31:09,NodeMCU,88:b1:e1:22:18:b2
2024-03-16 02:31:10,NodeMCU,88:b1:e1:28:31:10
2024-03-16 02:31:11,NodeMCU,88:b1:e1:22:18:b2
2024-03-16 02:31:11,NodeMCU,10:10:81:b8:84:10
2024-03-16 02:31:11,NodeMCU,10:10:81:b8:84:10
2024-03-16 02:31:11,NodeMCU,10:10:81:b8:84:10
2024-03-16 02:31:11,NodeMCU,10:10:81:b8:84:10
2024-03-16 02:31:11,NodeMCU,10:10:81:b8:84:10
2024-03-16 02:31:11,NodeMCU,88:b1:e1:28:31:10
2024-03-16 02:31:11,NodeMCU,10:10:81:b8:84:10
2024-03-16 02:31:11,NodeMCU,10:10:81:b8:84:10
2024-03-16 02:31:11,NodeMCU,88:b1:e1:28:31:11
2024-03-16 02:31:11,NodeMCU,10:10:81:b8:84:10
2024-03-16 02:31:12,NodeMCU,10:10:81:b8:84:10
2024-03-16 02:31:12,NodeMCU,88:b1:e1:56:a3:a2
2024-03-16 02:31:12,NodeMCU,88:b1:e1:28:31:12
2024-03-16 02:31:12,NodeMCU,88:b1:e1:28:31:11
2024-03-16 02:31:12,NodeMCU,88:b1:e1:28:31:12
2024-03-16 02:31:12,NodeMCU,88:b1:e1:28:31:10
2024-03-16 02:31:12,NodeMCU,88:b1:e1:28:31:11
2024-03-16 02:31:13,NodeMCU,88:b1:e1:28:31:12
2024-03-16 02:31:13,NodeMCU,88:b1:e1:28:31:10
2024-03-16 02:31:13,NodeMCU,88:b1:e1:28:31:11
2024-03-16 02:31:13,NodeMCU,88:b1:e1:28:31:12
2024-03-16 02:31:13,NodeMCU,88:b1:e1:28:31:10
2024-03-16 02:31:13,NodeMCU,88:b1:e1:28:31:11
2024-03-16 02:31:13,NodeMCU,88:b1:e1:28:31:12
2024-03-16 02:31:14,NodeMCU,88:b1:e1:28:31:12
2024-03-16 02:31:14,NodeMCU,88:b1:e1:56:a3:a0
2024-03-16 02:31:15,NodeMCU,88:b1:e1:28:31:10
2024-03-16 02:31:15,NodeMCU,88:b1:e1:28:31:11
2024-03-16 02:31:16,NodeMCU,88:b1:e1:56:a3:a0
2024-03-16 02:31:16,NodeMCU,88:b1:e1:28:31:12
2024-03-16 02:31:16,NodeMCU,10:10:81:b8:84:10
2024-03-16 02:31:16,NodeMCU,10:10:81:b8:84:10
2024-03-16 02:31:16,NodeMCU,10:10:81:b8:84:10
2024-03-16 02:31:17,NodeMCU,10:10:81:b8:84:10
2024-03-16 02:31:17,NodeMCU,88:b1:e1:28:31:10
2024-03-16 02:31:17,NodeMCU,88:b1:e1:28:31:11
2024-03-16 02:31:17,NodeMCU,88:b1:e1:28:31:12
2024-03-16 02:31:18,NodeMCU,10:10:81:b8:84:10
2024-03-16 02:31:18,NodeMCU,88:b1:e1:28:31:11
2024-03-16 02:31:18,NodeMCU,88:b1:e1:28:31:12
2024-03-16 02:31:18,NodeMCU,88:b1:e1:22:18:b2
2024-03-16 02:31:18,NodeMCU,88:b1:e1:28:31:11
2024-03-16 02:31:18,NodeMCU,88:b1:e1:28:31:12
2024-03-16 02:31:18,NodeMCU,88:b1:e1:28:31:11
2024-03-16 02:31:19,NodeMCU,88:b1:e1:28:7e:51
2024-03-16 02:31:19,NodeMCU,88:b1:e1:28:31:11
2024-03-16 02:31:19,NodeMCU,88:b1:e1:28:31:12
2024-03-16 02:31:20,NodeMCU,88:b1:e1:28:7e:50
2024-03-16 02:31:20,NodeMCU,88:b1:e1:28:31:10
2024-03-16 02:31:20,NodeMCU,88:b1:e1:28:31:11
2024-03-16 02:31:20,NodeMCU,88:b1:e1:28:31:12
2024-03-16 02:31:20,NodeMCU,88:b1:e1:28:31:10
2024-03-16 02:31:21,NodeMCU,88:b1:e1:28:31:11
2024-03-16 02:31:21,NodeMCU,88:b1:e1:28:7e:51
2024-03-16 02:31:21,NodeMCU,76:67:0e:09:25:b0
2024-03-16 02:31:21,NodeMCU,88:b1:e1:28:31:11
2024-03-16 02:31:22,NodeMCU,88:b1:e1:28:31:12
2024-03-16 02:31:22,NodeMCU,88:b1:e1:28:31:11
2024-03-16 02:31:23,NodeMCU,88:b1:e1:28:31:12
2024-03-16 02:31:23,NodeMCU,10:10:81:b8:84:10
2024-03-16 02:31:23,NodeMCU,10:10:81:b8:84:10
2024-03-16 02:31:24,NodeMCU,10:10:81:b8:84:10
2024-03-16 02:31:24,NodeMCU,88:b1:e1:56:a3:a0
2024-03-16 02:31:24,NodeMCU,4a:2d:e5:8c:3e:5c
2024-03-16 02:31:24,NodeMCU,4a:2d:e5:8c:3e:5c
2024-03-16 02:31:24,NodeMCU,10:10:81:b8:84:10
2024-03-16 02:31:24,NodeMCU,10:10:81:b8:84:10
2024-03-16 02:31:25,NodeMCU,10:10:81:b8:84:10
2024-03-16 02:31:25,NodeMCU,88:b1:e1:28:7e:52
2024-03-16 02:31:26,NodeMCU,88:b1:e1:28:31:12
2024-03-16 02:31:26,NodeMCU,88:b1:e1:28:31:10
2024-03-16 02:31:27,NodeMCU,88:b1:e1:56:a3:a2
2024-03-16 02:31:28,NodeMCU,88:b1:e1:28:31:12
2024-03-16 02:31:28,NodeMCU,88:b1:e1:28:31:11
2024-03-16 02:31:28,NodeMCU,88:b1:e1:28:31:12
2024-03-16 02:31:28,NodeMCU,b2:a9:58:eb:1a:21
2024-03-16 02:31:28,NodeMCU,88:b1:e1:28:31:10
2024-03-16 02:31:28,NodeMCU,88:b1:e1:28:31:11
2024-03-16 02:31:28,NodeMCU,88:b1:e1:28:31:12
2024-03-16 02:31:28,NodeMCU,b2:a9:58:eb:1a:21
2024-03-16 02:31:28,NodeMCU,10:10:81:b8:84:10
2024-03-16 02:31:28,NodeMCU,88:b1:e1:28:31:10
2024-03-16 02:31:28,NodeMCU,88:b1:e1:28:31:11
2024-03-16 02:31:29,NodeMCU,88:b1:e1:28:31:12
2024-03-16 02:31:29,NodeMCU,10:10:81:b8:84:10
2024-03-16 02:31:29,NodeMCU,10:10:81:b8:84:10
2024-03-16 02:31:29,NodeMCU,10:10:81:b8:84:10
2024-03-16 02:31:29,NodeMCU,88:b1:e1:28:31:10
2024-03-16 02:31:29,NodeMCU,88:b1:e1:28:31:11
2024-03-16 02:31:30,NodeMCU,88:b1:e1:56:a3:a2
2024-03-16 02:31:30,NodeMCU,88:b1:e1:28:31:11
2024-03-16 02:31:31,NodeMCU,88:b1:e1:28:31:12
2024-03-16 02:31:31,NodeMCU,88:b1:e1:28:31:10
2024-03-16 02:31:31,NodeMCU,88:b1:e1:28:31:11
2024-03-16 02:31:31,NodeMCU,88:b1:e1:28:31:12
2024-03-16 02:31:32,NodeMCU,88:b1:e1:28:31:10
2024-03-16 02:31:32,NodeMCU,88:b1:e1:28:31:10
2024-03-16 02:31:33,NodeMCU,88:b1:e1:28:31:12
2024-03-16 02:31:33,NodeMCU,88:b1:e1:28:31:11
2024-03-16 02:31:34,NodeMCU,88:b1:e1:28:7e:51
2024-03-16 02:31:34,NodeMCU,88:b1:e1:28:31:10
2024-03-16 02:31:34,NodeMCU,88:b1:e1:28:31:11
2024-03-16 02:31:34,NodeMCU,4a:2d:e5:8c:3e:5c
2024-03-16 02:31:34,NodeMCU,88:b1:e1:28:31:11
2024-03-16 02:31:34,NodeMCU,88:b1:e1:28:31:11
2024-03-16 02:31:34,NodeMCU,4a:2d:e5:8c:3e:5c
2024-03-16 02:31:34,NodeMCU,4a:2d:e5:8c:3e:5c
2024-03-16 02:31:35,NodeMCU,88:b1:e1:28:31:11
2024-03-16 02:31:35,NodeMCU,88:b1:e1:28:31:11
2024-03-16 02:31:35,NodeMCU,88:b1:e1:28:31:11
2024-03-16 02:31:35,NodeMCU,4a:2d:e5:8c:3e:5c
2024-03-16 02:31:35,NodeMCU,4a:2d:e5:8c:3e:5c
2024-03-16 02:31:35,NodeMCU,88:b1:e1:28:7e:51
2024-03-16 02:31:35,NodeMCU,88:b1:e1:28:31:11
2024-03-16 02:31:36,NodeMCU,4a:2d:e5:8c:3e:5c
2024-03-16 02:31:36,NodeMCU,88:b1:e1:28:31:10
2024-03-16 02:31:36,NodeMCU,b4:8c:9d:ad:27:83
2024-03-16 02:31:36,NodeMCU,b4:8c:9d:ad:27:83
2024-03-16 02:31:36,NodeMCU,b4:8c:9d:ad:27:83
2024-03-16 02:31:37,NodeMCU,88:b1:e1:28:31:10
2024-03-16 02:31:37,NodeMCU,88:b1:e1:28:7e:50
2024-03-16 02:31:37,NodeMCU,88:b1:e1:22:18:b2
2024-03-16 02:31:37,NodeMCU,88:b1:e1:28:31:10
2024-03-16 02:31:37,NodeMCU,88:b1:e1:28:31:12
2024-03-16 02:31:37,NodeMCU,88:b1:e1:28:31:10
2024-03-16 02:31:37,NodeMCU,88:b1:e1:28:31:11
2024-03-16 02:31:38,NodeMCU,88:b1:e1:28:31:12
2024-03-16 02:31:38,NodeMCU,88:b1:e1:28:31:10
2024-03-16 02:31:38,NodeMCU,4c:63:71:39:e6:c5
2024-03-16 02:31:38,NodeMCU,4c:63:71:39:e6:c5
2024-03-16 02:31:39,NodeMCU,88:b1:e1:56:a3:a2
2024-03-16 02:31:40,NodeMCU,88:b1:e1:28:31:10
2024-03-16 02:31:40,NodeMCU,88:b1:e1:56:a3:a0
2024-03-16 02:31:40,NodeMCU,88:b1:e1:28:6f:e4
2024-03-16 02:31:40,NodeMCU,88:b1:e1:28:31:10
2024-03-16 02:31:40,NodeMCU,88:b1:e1:28:31:11
2024-03-16 02:31:41,NodeMCU,10:10:81:b8:84:10
2024-03-16 02:31:42,NodeMCU,88:b1:e1:28:31:11
2024-03-16 02:31:42,NodeMCU,88:b1:e1:28:31:11
2024-03-16 02:31:42,NodeMCU,4a:2d:e5:8c:3e:5c
2024-03-16 02:31:42,NodeMCU,88:b1:e1:28:31:11
2024-03-16 02:31:42,NodeMCU,88:b1:e1:28:31:11
2024-03-16 02:31:43,NodeMCU,88:b1:e1:28:6f:e3
2024-03-16 02:31:43,NodeMCU,88:b1:e1:28:31:11
2024-03-16 02:31:43,NodeMCU,4a:2d:e5:8c:3e:5c
2024-03-16 02:31:43,NodeMCU,88:b1:e1:28:31:11
2024-03-16 02:31:43,NodeMCU,4a:2d:e5:8c:3e:5c
2024-03-16 02:31:43,NodeMCU,88:b1:e1:28:31:10
2024-03-16 02:31:43,NodeMCU,88:b1:e1:28:31:11
2024-03-16 02:31:43,NodeMCU,88:b1:e1:28:31:12
2024-03-16 02:31:43,NodeMCU,88:b1:e1:28:31:10
2024-03-16 02:31:43,NodeMCU,88:b1:e1:28:31:11
2024-03-16 02:31:43,NodeMCU,88:b1:e1:28:31:12
2024-03-16 02:31:43,NodeMCU,88:b1:e1:28:31:10
2024-03-16 02:31:43,NodeMCU,88:b1:e1:28:31:12
2024-03-16 02:31:43,NodeMCU,4a:2d:e5:8c:3e:5c
2024-03-16 02:31:43,NodeMCU,4a:2d:e5:8c:3e:5c
2024-03-16 02:31:44,NodeMCU,4a:2d:e5:8c:3e:5c
2024-03-16 02:31:44,NodeMCU,4a:2d:e5:8c:3e:5c
2024-03-16 02:31:44,NodeMCU,4a:2d:e5:8c:3e:5c
2024-03-16 02:31:44,NodeMCU,4a:2d:e5:8c:3e:5c
2024-03-16 02:31:44,NodeMCU,4a:2d:e5:8c:3e:5c
2024-03-16 02:31:44,NodeMCU,4a:2d:e5:8c:3e:5c
2024-03-16 02:31:44,NodeMCU,88:b1:e1:28:31:11
2024-03-16 02:31:44,NodeMCU,88:b1:e1:22:18:b2
2024-03-16 02:31:44,NodeMCU,88:b1:e1:28:31:11
2024-03-16 02:31:44,NodeMCU,88:b1:e1:28:31:10
2024-03-16 02:31:44,NodeMCU,88:b1:e1:28:31:11
2024-03-16 02:31:45,NodeMCU,88:b1:e1:28:31:12
2024-03-16 02:31:45,NodeMCU,88:b1:e1:28:31:11
2024-03-16 02:31:45,NodeMCU,88:b1:e1:22:18:b2
2024-03-16 02:31:45,NodeMCU,4a:2d:e5:8c:3e:5c
2024-03-16 02:31:45,NodeMCU,4a:2d:e5:8c:3e:5c
2024-03-16 02:31:45,NodeMCU,88:b1:e1:28:7e:50
2024-03-16 02:31:45,NodeMCU,88:b1:e1:22:18:b2
2024-03-16 02:31:45,NodeMCU,88:b1:e1:28:31:10
2024-03-16 02:31:45,NodeMCU,88:b1:e1:28:31:11
2024-03-16 02:31:46,NodeMCU,88:b1:e1:28:31:12
2024-03-16 02:31:46,NodeMCU,88:b1:e1:28:31:10
2024-03-16 02:31:46,NodeMCU,88:b1:e1:28:31:11
2024-03-16 02:31:46,NodeMCU,88:b1:e1:28:31:12
2024-03-16 02:31:46,NodeMCU,88:b1:e1:28:31:11
2024-03-16 02:31:46,NodeMCU,88:b1:e1:28:31:12
2024-03-16 02:31:46,NodeMCU,88:b1:e1:22:18:b2
2024-03-16 02:31:46,NodeMCU,10:10:81:b8:84:10
2024-03-16 02:31:47,NodeMCU,88:b1:e1:28:31:10
2024-03-16 02:31:47,NodeMCU,88:b1:e1:28:31:12
2024-03-16 02:31:47,NodeMCU,4a:2d:e5:8c:3e:5c
2024-03-16 02:31:48,NodeMCU,88:b1:e1:28:6f:e4
2024-03-16 02:31:48,NodeMCU,88:b1:e1:28:31:12
2024-03-16 02:31:49,NodeMCU,88:b1:e1:28:31:12
2024-03-16 02:31:49,NodeMCU,88:b1:e1:28:31:11
2024-03-16 02:31:49,NodeMCU,88:b1:e1:28:31:12
2024-03-16 02:31:49,NodeMCU,88:b1:e1:28:31:11
2024-03-16 02:31:49,NodeMCU,88:b1:e1:28:31:12
2024-03-16 02:31:50,NodeMCU,88:b1:e1:28:31:12
2024-03-16 02:31:50,NodeMCU,88:b1:e1:28:31:12
2024-03-16 02:31:50,NodeMCU,10:10:81:b8:84:10
2024-03-16 02:31:50,NodeMCU,88:b1:e1:28:31:11
2024-03-16 02:31:50,NodeMCU,88:b1:e1:28:31:12
2024-03-16 02:31:50,NodeMCU,10:10:81:b8:84:10
2024-03-16 02:31:51,NodeMCU,10:10:81:b8:84:10
2024-03-16 02:31:51,NodeMCU,88:b1:e1:28:31:10
2024-03-16 02:31:51,NodeMCU,88:b1:e1:28:31:11
2024-03-16 02:31:51,NodeMCU,88:b1:e1:28:31:12
2024-03-16 02:31:51,NodeMCU,88:b1:e1:28:31:11
2024-03-16 02:31:52,NodeMCU,88:b1:e1:22:18:b2
2024-03-16 02:31:52,NodeMCU,88:b1:e1:28:31:11
2024-03-16 02:31:52,NodeMCU,88:b1:e1:28:31:10
2024-03-16 02:31:52,NodeMCU,88:b1:e1:28:31:11
2024-03-16 02:31:52,NodeMCU,88:b1:e1:28:31:12
2024-03-16 02:31:53,NodeMCU,88:b1:e1:28:31:10
2024-03-16 02:31:53,NodeMCU,88:b1:e1:28:31:10
2024-03-16 02:31:54,NodeMCU,88:b1:e1:28:31:11
2024-03-16 02:31:54,NodeMCU,88:b1:e1:28:31:10
2024-03-16 02:31:54,NodeMCU,88:b1:e1:22:18:b2
2024-03-16 02:31:54,NodeMCU,4a:2d:e5:8c:3e:5c
2024-03-16 02:31:55,NodeMCU,88:b1:e1:28:31:10
2024-03-16 02:31:55,NodeMCU,10:10:81:b8:84:10
2024-03-16 02:31:55,NodeMCU,88:b1:e1:28:31:10
2024-03-16 02:31:55,NodeMCU,88:b1:e1:28:31:11
2024-03-16 02:31:55,NodeMCU,88:b1:e1:28:31:12
2024-03-16 02:31:55,NodeMCU,10:10:81:b8:84:10
2024-03-16 02:31:55,NodeMCU,10:10:81:b8:84:10
2024-03-16 02:31:55,NodeMCU,10:10:81:b8:84:10
2024-03-16 02:31:56,NodeMCU,10:10:81:b8:84:10
2024-03-16 02:31:56,NodeMCU,88:b1:e1:28:31:11
2024-03-16 02:31:56,NodeMCU,88:b1:e1:28:31:11
2024-03-16 02:31:56,NodeMCU,88:b1:e1:28:31:12
2024-03-16 02:31:56,NodeMCU,88:b1:e1:28:6f:e3
2024-03-16 02:31:56,NodeMCU,c2:ca:2e:ff:e1:5b
2024-03-16 02:31:57,NodeMCU,88:b1:e1:28:31:12
2024-03-16 02:31:57,NodeMCU,c2:ca:2e:ff:e1:5b
2024-03-16 02:31:57,NodeMCU,c2:ca:2e:ff:e1:5b
2024-03-16 02:31:57,NodeMCU,c2:ca:2e:ff:e1:5b
2024-03-16 02:31:57,NodeMCU,c2:ca:2e:ff:e1:5b
2024-03-16 02:31:57,NodeMCU,c2:ca:2e:ff:e1:5b
2024-03-16 02:31:57,NodeMCU,88:b1:e1:28:31:10
2024-03-16 02:31:57,NodeMCU,88:b1:e1:28:31:10
2024-03-16 02:31:57,NodeMCU,88:b1:e1:28:31:11
2024-03-16 02:31:57,NodeMCU,88:b1:e1:28:31:12
2024-03-16 02:31:57,NodeMCU,88:b1:e1:28:31:12
2024-03-16 02:31:57,NodeMCU,88:b1:e1:28:31:12
2024-03-16 02:31:57,NodeMCU,c2:ca:2e:ff:e1:5b
2024-03-16 02:31:57,NodeMCU,88:b1:e1:28:31:10
2024-03-16 02:31:57,NodeMCU,88:b1:e1:28:31:11
2024-03-16 02:31:57,NodeMCU,88:b1:e1:28:31:12
2024-03-16 02:31:57,NodeMCU,88:b1:e1:28:31:10
2024-03-16 02:31:57,NodeMCU,88:b1:e1:28:31:12
2024-03-16 02:31:58,NodeMCU,c2:ca:2e:ff:e1:5b
2024-03-16 02:31:58,NodeMCU,88:b1:e1:28:31:12
2024-03-16 02:31:58,NodeMCU,c2:ca:2e:ff:e1:5b
2024-03-16 02:31:58,NodeMCU,88:b1:e1:28:31:10
2024-03-16 02:31:58,NodeMCU,88:b1:e1:28:31:11
2024-03-16 02:31:58,NodeMCU,88:b1:e1:28:31:11
2024-03-16 02:31:58,NodeMCU,88:b1:e1:28:31:11
2024-03-16 02:31:58,NodeMCU,88:b1:e1:28:31:12
2024-03-16 02:31:58,NodeMCU,88:b1:e1:28:31:12
2024-03-16 02:31:58,NodeMCU,88:b1:e1:28:31:12
2024-03-16 02:31:59,NodeMCU,88:b1:e1:28:31:11
2024-03-16 02:31:59,NodeMCU,88:b1:e1:28:7e:50
2024-03-16 02:31:59,NodeMCU,88:b1:e1:22:18:b2
2024-03-16 02:31:59,NodeMCU,88:b1:e1:56:a3:a0
2024-03-16 02:32:00,NodeMCU,88:b1:e1:28:31:10
2024-03-16 02:32:00,NodeMCU,88:b1:e1:28:31:12
2024-03-16 02:32:00,NodeMCU,88:b1:e1:28:31:11
2024-03-16 02:32:00,NodeMCU,88:b1:e1:28:31:12
2024-03-16 02:32:00,NodeMCU,88:b1:e1:28:31:10
2024-03-16 02:32:01,NodeMCU,88:b1:e1:28:7e:52
2024-03-16 02:32:01,NodeMCU,88:b1:e1:28:31:12
2024-03-16 02:32:01,NodeMCU,88:b1:e1:28:7e:51
2024-03-16 02:32:01,NodeMCU,88:b1:e1:28:7e:52
2024-03-16 02:32:01,NodeMCU,88:b1:e1:28:7e:52
2024-03-16 02:32:01,NodeMCU,88:b1:e1:28:31:12
2024-03-16 02:32:01,NodeMCU,88:b1:e1:28:31:12
2024-03-16 02:32:01,NodeMCU,88:b1:e1:28:31:10
2024-03-16 02:32:01,NodeMCU,88:b1:e1:28:31:11
2024-03-16 02:32:01,NodeMCU,88:b1:e1:28:31:12
2024-03-16 02:32:01,NodeMCU,88:b1:e1:28:31:11
2024-03-16 02:32:02,NodeMCU,88:b1:e1:28:31:12
2024-03-16 02:32:02,NodeMCU,88:b1:e1:28:31:10
2024-03-16 02:32:02,NodeMCU,88:b1:e1:28:31:11
2024-03-16 02:32:02,NodeMCU,88:b1:e1:28:31:12
2024-03-16 02:32:02,NodeMCU,d8:b0:53:48:be:65
2024-03-16 02:32:02,NodeMCU,88:b1:e1:28:31:10
2024-03-16 02:32:02,NodeMCU,88:b1:e1:28:31:11
2024-03-16 02:32:02,NodeMCU,88:b1:e1:28:31:12
2024-03-16 02:32:03,NodeMCU,88:b1:e1:28:31:10
2024-03-16 02:32:03,NodeMCU,88:b1:e1:22:18:b2
2024-03-16 02:32:03,NodeMCU,88:b1:e1:28:7e:50
2024-03-16 02:32:03,NodeMCU,32:da:90:dd:fe:f6
2024-03-16 02:32:04,NodeMCU,88:b1:e1:28:31:10
2024-03-16 02:32:04,NodeMCU,88:b1:e1:22:18:b2
2024-03-16 02:32:04,NodeMCU,88:b1:e1:28:7e:52
2024-03-16 02:32:04,NodeMCU,88:b1:e1:28:7e:50
2024-03-16 02:32:04,NodeMCU,88:b1:e1:28:31:12
2024-03-16 02:32:04,NodeMCU,4a:2d:e5:8c:3e:5c
2024-03-16 02:32:04,NodeMCU,4a:2d:e5:8c:3e:5c
2024-03-16 02:32:04,NodeMCU,88:b1:e1:28:31:11
2024-03-16 02:32:04,NodeMCU,4a:2d:e5:8c:3e:5c
2024-03-16 02:32:05,NodeMCU,10:10:81:b8:84:10
2024-03-16 02:32:05,NodeMCU,88:b1:e1:28:31:11
2024-03-16 02:32:05,NodeMCU,88:b1:e1:28:31:11
2024-03-16 02:32:05,NodeMCU,4a:2d:e5:8c:3e:5c
2024-03-16 02:32:05,NodeMCU,88:b1:e1:28:31:10
2024-03-16 02:32:05,NodeMCU,4a:2d:e5:8c:3e:5c
2024-03-16 02:32:05,NodeMCU,88:b1:e1:28:31:11
2024-03-16 02:32:05,NodeMCU,4a:2d:e5:8c:3e:5c
2024-03-16 02:32:05,NodeMCU,88:b1:e1:28:31:11
2024-03-16 02:32:05,NodeMCU,4a:2d:e5:8c:3e:5c
2024-03-16 02:32:05,NodeMCU,88:b1:e1:28:31:11
2024-03-16 02:32:05,NodeMCU,88:b1:e1:28:31:11
2024-03-16 02:32:05,NodeMCU,88:b1:e1:22:18:b1
2024-03-16 02:32:05,NodeMCU,4a:2d:e5:8c:3e:5c
2024-03-16 02:32:05,NodeMCU,88:b1:e1:28:31:11
2024-03-16 02:32:06,NodeMCU,4a:2d:e5:8c:3e:5c
2024-03-16 02:32:06,NodeMCU,88:b1:e1:28:31:12
2024-03-16 02:32:06,NodeMCU,88:b1:e1:28:31:11
2024-03-16 02:32:06,NodeMCU,88:b1:e1:28:31:11
2024-03-16 02:32:07,NodeMCU,88:b1:e1:28:31:10
2024-03-16 02:32:07,NodeMCU,88:b1:e1:22:18:b2
2024-03-16 02:32:08,NodeMCU,88:b1:e1:22:18:b2
2024-03-16 02:32:08,NodeMCU,88:b1:e1:28:6f:e4
2024-03-16 02:32:09,NodeMCU,88:b1:e1:28:31:12
2024-03-16 02:32:09,NodeMCU,88:b1:e1:28:31:10
2024-03-16 02:32:09,NodeMCU,88:b1:e1:28:31:11
2024-03-16 02:32:09,NodeMCU,4a:2d:e5:8c:3e:5c
2024-03-16 02:32:10,NodeMCU,88:b1:e1:28:31:11
2024-03-16 02:32:10,NodeMCU,88:b1:e1:28:7e:50
2024-03-16 02:32:10,NodeMCU,4a:2d:e5:8c:3e:5c
2024-03-16 02:32:10,NodeMCU,4a:2d:e5:8c:3e:5c
2024-03-16 02:32:10,NodeMCU,88:b1:e1:28:31:11
2024-03-16 02:32:10,NodeMCU,88:b1:e1:28:31:11
2024-03-16 02:32:10,NodeMCU,4a:2d:e5:8c:3e:5c
2024-03-16 02:32:10,NodeMCU,4a:2d:e5:8c:3e:5c
2024-03-16 02:32:11,NodeMCU,4a:2d:e5:8c:3e:5c
2024-03-16 02:32:11,NodeMCU,88:b1:e1:28:31:12
2024-03-16 02:32:11,NodeMCU,88:b1:e1:28:31:10
2024-03-16 02:32:11,NodeMCU,88:b1:e1:28:31:11
2024-03-16 02:32:11,NodeMCU,88:b1:e1:28:31:12
2024-03-16 02:32:12,NodeMCU,10:10:81:b8:84:10
2024-03-16 02:32:12,NodeMCU,88:b1:e1:22:18:b2
2024-03-16 02:32:13,NodeMCU,88:b1:e1:22:18:b2
2024-03-16 02:32:13,NodeMCU,88:b1:e1:22:18:b2
2024-03-16 02:32:13,NodeMCU,10:10:81:b8:84:10
2024-03-16 02:32:13,NodeMCU,1c:bf:c0:5d:93:f1
2024-03-16 02:32:14,NodeMCU,88:b1:e1:28:31:10
2024-03-16 02:32:14,NodeMCU,10:10:81:b8:84:10
2024-03-16 02:32:14,NodeMCU,10:10:81:b8:84:10
2024-03-16 02:32:14,NodeMCU,10:10:81:b8:84:10
2024-03-16 02:32:14,NodeMCU,10:10:81:b8:84:10
2024-03-16 02:32:14,NodeMCU,88:b1:e1:28:31:10
2024-03-16 02:32:14,NodeMCU,88:b1:e1:28:31:11
2024-03-16 02:32:14,NodeMCU,88:b1:e1:28:31:12
2024-03-16 02:32:14,NodeMCU,10:10:81:b8:84:10
2024-03-16 02:32:14,NodeMCU,10:10:81:b8:84:10
2024-03-16 02:32:15,NodeMCU,10:10:81:b8:84:10
2024-03-16 02:32:15,NodeMCU,10:10:81:b8:84:10
2024-03-16 02:32:15,NodeMCU,10:10:81:b8:84:10
2024-03-16 02:32:15,NodeMCU,10:10:81:b8:84:10
2024-03-16 02:32:15,NodeMCU,10:10:81:b8:84:10
2024-03-16 02:32:15,NodeMCU,10:10:81:b8:84:10
2024-03-16 02:32:15,NodeMCU,4a:2d:e5:8c:3e:5c
2024-03-16 02:32:15,NodeMCU,10:10:81:b8:84:10
2024-03-16 02:32:15,NodeMCU,88:b1:e1:28:31:10
2024-03-16 02:32:15,NodeMCU,10:10:81:b8:84:10
2024-03-16 02:32:16,NodeMCU,88:b1:e1:28:7e:50
2024-03-16 02:32:16,NodeMCU,88:b1:e1:56:a3:a0
2024-03-16 02:32:16,NodeMCU,88:b1:e1:28:31:11
2024-03-16 02:32:16,NodeMCU,88:b1:e1:28:31:12
2024-03-16 02:32:16,NodeMCU,88:b1:e1:28:31:11
2024-03-16 02:32:16,NodeMCU,88:b1:e1:28:31:12
2024-03-16 02:32:17,NodeMCU,88:b1:e1:28:31:11
2024-03-16 02:32:17,NodeMCU,88:b1:e1:28:7e:51
2024-03-16 02:32:17,NodeMCU,88:b1:e1:28:31:10
2024-03-16 02:32:17,NodeMCU,88:b1:e1:28:31:11
2024-03-16 02:32:17,NodeMCU,88:b1:e1:28:31:12
2024-03-16 02:32:17,NodeMCU,88:b1:e1:28:31:10
2024-03-16 02:32:17,NodeMCU,88:b1:e1:28:31:11
2024-03-16 02:32:18,NodeMCU,88:b1:e1:28:31:12
2024-03-16 02:32:18,NodeMCU,88:b1:e1:28:31:10
2024-03-16 02:32:19,NodeMCU,62:b0:8f:61:8f:eb
2024-03-16 02:32:19,NodeMCU,62:b0:8f:61:8f:eb
2024-03-16 02:32:19,NodeMCU,1c:bf:c0:5d:93:f1
2024-03-16 02:32:19,NodeMCU,10:10:81:b8:84:10
2024-03-16 02:32:19,NodeMCU,10:10:81:b8:84:10
2024-03-16 02:32:20,NodeMCU,10:10:81:b8:84:10
2024-03-16 02:32:20,NodeMCU,10:10:81:b8:84:10
2024-03-16 02:32:20,NodeMCU,1c:bf:c0:5d:93:f1
2024-03-16 02:32:20,NodeMCU,88:b1:e1:28:31:12
