MAC_add,Timestamp
00:14:41:22:CE:7A,1709957757
34:F0:43:47:6A:5C,1709957757
41:42:11:A4:E5:AE,1709957757
58:A6:39:D7:EE:9B,1709957757
84:5F:04:4D:9B:91,1709957757
8C:64:A2:75:03:D7,1709957757
A2:5D:B6:45:56:56,1709957757
F8:5B:6E:5B:18:38,1709957757
00:18:E5:04:56:19,1709957757
D0:49:7C:9D:56:CC,1709957757
00:14:41:22:CE:7A,1709957771
34:F0:43:47:6A:5C,1709957771
41:42:11:A4:E5:AE,1709957771
58:A6:39:D7:EE:9B,1709957771
84:5F:04:4D:9B:91,1709957771
8C:64:A2:75:03:D7,1709957771
A2:5D:B6:45:56:56,1709957771
F8:5B:6E:5B:18:38,1709957771
00:18:E5:04:56:19,1709957771
B4:A5:AC:4A:C0:78,1709957771
D0:49:7C:9D:56:CC,1709957771
30:BB:7D:73:56:82,1709957786
00:14:41:22:CE:7A,1709957786
34:F0:43:47:6A:5C,1709957786
41:42:11:A4:E5:AE,1709957786
58:A6:39:D7:EE:9B,1709957786
84:5F:04:4D:9B:91,1709957786
8C:64:A2:75:03:D7,1709957786
A2:5D:B6:45:56:56,1709957786
F8:5B:6E:5B:18:38,1709957786
00:18:E5:04:56:19,1709957786
B4:A5:AC:4A:C0:78,1709957786
D0:49:7C:9D:56:CC,1709957786
4F:D3:4F:E0:8F:24,1710236924
03:BB:3C:8F:C0:31,1710236924
D3:21:04:30:00:5A,1710236924
00:18:E5:04:56:19,1710236924
F8:5B:6E:5B:18:38,1710236924
41:42:11:A4:E5:AE,1710236924
8C:64:A2:75:03:D7,1710236924
A2:5D:B6:45:56:56,1710236924
58:A6:39:D7:EE:9B,1710236924
84:5F:04:4D:9B:91,1710236924
00:14:41:22:CE:7A,1710236924
34:F0:43:47:6A:5C,1710236924
90:DF:7D:BC:68:D6,1710236924
D0:49:7C:9D:56:CC,1710236924
44:E5:17:16:3C:2F,1710236924
55:0A:6D:16:1F:E8,1710236939
7A:7F:A5:A4:35:B5,1710236939
74:78:00:F8:0E:5D,1710236939
03:BB:3C:8F:C0:31,1710236939
78:DF:98:06:EA:14,1710236939
00:18:E5:04:56:19,1710236939
F8:5B:6E:5B:18:38,1710236939
41:42:11:A4:E5:AE,1710236939
8C:64:A2:75:03:D7,1710236939
A2:5D:B6:45:56:56,1710236939
58:A6:39:D7:EE:9B,1710236939
84:5F:04:4D:9B:91,1710236939
00:14:41:22:CE:7A,1710236939
34:F0:43:47:6A:5C,1710236939
90:DF:7D:BC:68:D6,1710236939
44:E5:17:16:3C:2F,1710236939
D0:49:7C:9D:56:CC,1710236939
03:BB:3C:8F:C0:31,1710236953
46:F5:95:FA:1F:CD,1710236953
D3:21:04:30:00:5A,1710236953
00:18:E5:04:56:19,1710236953
F8:5B:6E:5B:18:38,1710236953
41:42:11:A4:E5:AE,1710236953
8C:64:A2:75:03:D7,1710236953
A2:5D:B6:45:56:56,1710236953
58:A6:39:D7:EE:9B,1710236953
84:5F:04:4D:9B:91,1710236953
00:14:41:22:CE:7A,1710236953
34:F0:43:47:6A:5C,1710236953
44:E5:17:16:3C:2F,1710236953
90:DF:7D:BC:68:D6,1710236953
D0:49:7C:9D:56:CC,1710236953
C8:09:40:7A:2C:18,1710236967
55:0A:6D:16:1F:E8,1710236967
D3:21:04:30:00:5A,1710236967
7A:7F:A5:A4:35:B5,1710236967
03:BB:3C:8F:C0:31,1710236967
00:18:E5:04:56:19,1710236967
F8:5B:6E:5B:18:38,1710236967
41:42:11:A4:E5:AE,1710236967
8C:64:A2:75:03:D7,1710236967
A2:5D:B6:45:56:56,1710236967
58:A6:39:D7:EE:9B,1710236967
84:5F:04:4D:9B:91,1710236967
00:14:41:22:CE:7A,1710236967
34:F0:43:47:6A:5C,1710236967
44:E5:17:16:3C:2F,1710236967
90:DF:7D:BC:68:D6,1710236967
40:44:FD:31:43:04,1710236967
30:7F:10:63:72:9E,1710236967
D0:49:7C:9D:56:CC,1710236967
75:80:00:BC:E9:37,1710236982
C8:09:40:7A:2C:18,1710236982
00:18:E5:04:56:19,1710236982
F8:5B:6E:5B:18:38,1710236982
41:42:11:A4:E5:AE,1710236982
8C:64:A2:75:03:D7,1710236982
A2:5D:B6:45:56:56,1710236982
58:A6:39:D7:EE:9B,1710236982
84:5F:04:4D:9B:91,1710236982
00:14:41:22:CE:7A,1710236982
34:F0:43:47:6A:5C,1710236982
D0:49:7C:9D:56:CC,1710236982
90:DF:7D:BC:68:D6,1710236982
44:E5:17:16:3C:2F,1710236982
30:7F:10:63:72:9E,1710236982
C8:09:40:7A:2C:18,1710236996
03:BB:3C:8F:C0:31,1710236996
D3:21:04:30:00:5A,1710236996
EA:94:C6:8D:8B:9F,1710236996
00:18:E5:04:56:19,1710236996
F8:5B:6E:5B:18:38,1710236996
41:42:11:A4:E5:AE,1710236996
8C:64:A2:75:03:D7,1710236996
A2:5D:B6:45:56:56,1710236996
58:A6:39:D7:EE:9B,1710236996
84:5F:04:4D:9B:91,1710236996
00:14:41:22:CE:7A,1710236996
34:F0:43:47:6A:5C,1710236996
90:DF:7D:BC:68:D6,1710236996
44:E5:17:16:3C:2F,1710236996
D0:49:7C:9D:56:CC,1710236996
30:7F:10:63:72:9E,1710236996
03:BB:3C:8F:C0:31,1710237010
46:F5:95:FA:1F:CD,1710237010
C8:09:40:7A:2C:18,1710237010
78:DF:98:06:EA:14,1710237010
00:18:E5:04:56:19,1710237010
F8:5B:6E:5B:18:38,1710237010
41:42:11:A4:E5:AE,1710237010
8C:64:A2:75:03:D7,1710237010
A2:5D:B6:45:56:56,1710237010
58:A6:39:D7:EE:9B,1710237010
84:5F:04:4D:9B:91,1710237010
00:14:41:22:CE:7A,1710237010
34:F0:43:47:6A:5C,1710237010
90:DF:7D:BC:68:D6,1710237010
44:E5:17:16:3C:2F,1710237010
30:7F:10:63:72:9E,1710237010
D0:49:7C:9D:56:CC,1710237010
75:80:00:BC:E9:37,1710237025
29:AF:B8:AA:77:59,1710237025
55:0A:6D:16:1F:E8,1710237025
C8:09:40:7A:2C:18,1710237025
03:BB:3C:8F:C0:31,1710237025
7A:7F:A5:A4:35:B5,1710237025
00:18:E5:04:56:19,1710237025
F8:5B:6E:5B:18:38,1710237025
41:42:11:A4:E5:AE,1710237025
8C:64:A2:75:03:D7,1710237025
A2:5D:B6:45:56:56,1710237025
58:A6:39:D7:EE:9B,1710237025
84:5F:04:4D:9B:91,1710237025
00:14:41:22:CE:7A,1710237025
34:F0:43:47:6A:5C,1710237025
44:E5:17:16:3C:2F,1710237025
90:DF:7D:BC:68:D6,1710237025
D0:49:7C:9D:56:CC,1710237025
30:7F:10:63:72:9E,1710237025
D6:41:2D:15:15:C3,1710237039
78:DF:98:06:EA:14,1710237039
00:18:E5:04:56:19,1710237039
F8:5B:6E:5B:18:38,1710237039
41:42:11:A4:E5:AE,1710237039
8C:64:A2:75:03:D7,1710237039
A2:5D:B6:45:56:56,1710237039
58:A6:39:D7:EE:9B,1710237039
84:5F:04:4D:9B:91,1710237039
00:14:41:22:CE:7A,1710237039
34:F0:43:47:6A:5C,1710237039
D0:49:7C:9D:56:CC,1710237039
90:DF:7D:BC:68:D6,1710237039
30:7F:10:63:72:9E,1710237039
03:BB:3C:8F:C0:31,1710237053
D3:21:04:30:00:5A,1710237053
79:24:CA:FD:22:68,1710237053
55:0A:6D:16:1F:E8,1710237053
00:18:E5:04:56:19,1710237053
F8:5B:6E:5B:18:38,1710237053
41:42:11:A4:E5:AE,1710237053
8C:64:A2:75:03:D7,1710237053
A2:5D:B6:45:56:56,1710237053
58:A6:39:D7:EE:9B,1710237053
84:5F:04:4D:9B:91,1710237053
00:14:41:22:CE:7A,1710237053
34:F0:43:47:6A:5C,1710237053
D0:49:7C:9D:56:CC,1710237053
90:DF:7D:BC:68:D6,1710237053
30:7F:10:63:72:9E,1710237053
C8:09:40:7A:2C:18,1710237068
79:24:CA:FD:22:68,1710237068
7A:7F:A5:A4:35:B5,1710237068
55:0A:6D:16:1F:E8,1710237068
00:18:E5:04:56:19,1710237068
F8:5B:6E:5B:18:38,1710237068
41:42:11:A4:E5:AE,1710237068
8C:64:A2:75:03:D7,1710237068
A2:5D:B6:45:56:56,1710237068
58:A6:39:D7:EE:9B,1710237068
84:5F:04:4D:9B:91,1710237068
00:14:41:22:CE:7A,1710237068
34:F0:43:47:6A:5C,1710237068
D0:49:7C:9D:56:CC,1710237068
30:7F:10:63:72:9E,1710237068
90:DF:7D:BC:68:D6,1710237068
03:BB:3C:8F:C0:31,1710237082
D3:21:04:30:00:5A,1710237082
00:18:E5:04:56:19,1710237082
F8:5B:6E:5B:18:38,1710237082
41:42:11:A4:E5:AE,1710237082
8C:64:A2:75:03:D7,1710237082
A2:5D:B6:45:56:56,1710237082
58:A6:39:D7:EE:9B,1710237082
84:5F:04:4D:9B:91,1710237082
00:14:41:22:CE:7A,1710237082
34:F0:43:47:6A:5C,1710237082
90:DF:7D:BC:68:D6,1710237082
30:7F:10:63:72:9E,1710237082
D0:49:7C:9D:56:CC,1710237082
03:BB:3C:8F:C0:31,1710237096
D3:21:04:30:00:5A,1710237096
79:24:CA:FD:22:68,1710237096
7A:7F:A5:A4:35:B5,1710237096
00:18:E5:04:56:19,1710237096
F8:5B:6E:5B:18:38,1710237096
41:42:11:A4:E5:AE,1710237096
8C:64:A2:75:03:D7,1710237096
A2:5D:B6:45:56:56,1710237096
58:A6:39:D7:EE:9B,1710237096
84:5F:04:4D:9B:91,1710237096
00:14:41:22:CE:7A,1710237096
34:F0:43:47:6A:5C,1710237096
90:DF:7D:BC:68:D6,1710237096
D0:49:7C:9D:56:CC,1710237096
17:CD:1B:DD:97:60,1710237111
EA:94:C6:8D:8B:9F,1710237111
03:BB:3C:8F:C0:31,1710237111
75:80:00:BC:E9:37,1710237111
00:18:E5:04:56:19,1710237111
F8:5B:6E:5B:18:38,1710237111
41:42:11:A4:E5:AE,1710237111
8C:64:A2:75:03:D7,1710237111
A2:5D:B6:45:56:56,1710237111
58:A6:39:D7:EE:9B,1710237111
84:5F:04:4D:9B:91,1710237111
00:14:41:22:CE:7A,1710237111
34:F0:43:47:6A:5C,1710237111
D0:49:7C:9D:56:CC,1710237111
90:DF:7D:BC:68:D6,1710237111
03:BB:3C:8F:C0:31,1710237125
7A:7F:A5:A4:35:B5,1710237125
45:02:BF:EF:3D:E5,1710237125
00:18:E5:04:56:19,1710237125
F8:5B:6E:5B:18:38,1710237125
41:42:11:A4:E5:AE,1710237125
8C:64:A2:75:03:D7,1710237125
A2:5D:B6:45:56:56,1710237125
58:A6:39:D7:EE:9B,1710237125
84:5F:04:4D:9B:91,1710237125
00:14:41:22:CE:7A,1710237125
34:F0:43:47:6A:5C,1710237125
90:DF:7D:BC:68:D6,1710237125
D0:49:7C:9D:56:CC,1710237125
04:29:8C:3C:20:6F,1710579389
1B:4C:EE:DA:D8:60,1710579389
69:C7:72:0B:60:73,1710579389
34:F0:43:47:6A:5C,1710579389
41:42:11:A4:E5:AE,1710579389
58:A6:39:D7:EE:9B,1710579389
84:5F:04:4D:9B:91,1710579389
F8:5B:6E:5B:18:38,1710579389
00:14:41:22:CE:7A,1710579389
8C:64:A2:75:03:D7,1710579389
A2:5D:B6:45:56:56,1710579389
00:18:E5:04:56:19,1710579389
04:29:8C:3C:20:6F,1710579389
D0:49:7C:9D:56:CC,1710579389
A4:CC:B9:98:9A:EA,1710579389
0E:A1:A5:58:55:22,1710579403
1B:4C:EE:DA:D8:60,1710579403
15:E7:90:6B:62:81,1710579403
76:AF:E8:B8:1E:43,1710579403
69:C7:72:0B:60:73,1710579403
04:29:8C:3C:20:6F,1710579403
34:F0:43:47:6A:5C,1710579403
41:42:11:A4:E5:AE,1710579403
58:A6:39:D7:EE:9B,1710579403
84:5F:04:4D:9B:91,1710579403
F8:5B:6E:5B:18:38,1710579403
00:14:41:22:CE:7A,1710579403
8C:64:A2:75:03:D7,1710579403
A2:5D:B6:45:56:56,1710579403
00:18:E5:04:56:19,1710579403
04:29:8C:3C:20:6F,1710579403
D0:49:7C:9D:56:CC,1710579403
A4:CC:B9:98:9A:EA,1710579403
EB:C6:F2:53:4C:B6,1715252624
30:38:A8:EB:81:BE,1715252624
7C:E0:04:CD:9F:38,1715252624
7D:F4:D2:7E:22:72,1715252624
75:77:C2:5E:6E:DD,1715252624
00:18:E5:04:56:19,1715252624
F4:4E:FD:D7:02:18,1715252624
00:14:41:22:CE:7A,1715252624
34:F0:43:47:6A:5C,1715252624
41:42:11:A4:E5:AE,1715252624
48:D8:45:FA:9B:9D,1715252624
58:A6:39:D7:EE:9B,1715252624
84:5F:04:4D:9B:91,1715252624
8C:64:A2:75:03:D7,1715252624
A2:5D:B6:45:56:56,1715252624
F8:5B:6E:5B:18:38,1715252624
7C:E0:04:CD:9F:38,1715252624
A4:CC:B9:98:9A:EA,1715252624
78:4F:43:5A:1B:86,1715252624
58:BE:AE:25:BC:34,1715252638
7A:E0:5D:20:35:B6,1715252638
66:C8:B7:6E:7D:49,1715252638
78:BB:C1:56:3B:0A,1715252638
41:6D:C3:FA:33:B0,1715252638
06:14:7E:20:89:BF,1715252638
30:38:A8:EB:81:BE,1715252638
00:18:E5:04:56:19,1715252638
F4:4E:FD:D7:02:18,1715252638
00:14:41:22:CE:7A,1715252638
34:F0:43:47:6A:5C,1715252638
41:42:11:A4:E5:AE,1715252638
48:D8:45:FA:9B:9D,1715252638
58:A6:39:D7:EE:9B,1715252638
84:5F:04:4D:9B:91,1715252638
8C:64:A2:75:03:D7,1715252638
A2:5D:B6:45:56:56,1715252638
F8:5B:6E:5B:18:38,1715252638
70:DD:A8:50:80:6B,1715252638
A4:CC:B9:98:9A:EA,1715252638
78:4F:43:5A:1B:86,1715252638
30:38:A8:EB:81:BE,1715252653
75:77:C2:5E:6E:DD,1715252653
66:C8:B7:6E:7D:49,1715252653
66:12:FD:2B:2A:90,1715252653
54:7F:78:A5:86:B4,1715252653
10:97:2A:9A:91:A1,1715252653
7C:81:76:D4:51:98,1715252653
72:D7:27:27:26:FD,1715252653
C4:B7:9E:6A:5E:F8,1715252653
00:18:E5:04:56:19,1715252653
F4:4E:FD:D7:02:18,1715252653
00:14:41:22:CE:7A,1715252653
34:F0:43:47:6A:5C,1715252653
41:42:11:A4:E5:AE,1715252653
48:D8:45:FA:9B:9D,1715252653
58:A6:39:D7:EE:9B,1715252653
84:5F:04:4D:9B:91,1715252653
8C:64:A2:75:03:D7,1715252653
A2:5D:B6:45:56:56,1715252653
F8:5B:6E:5B:18:38,1715252653
A4:CC:B9:98:9A:EA,1715252653
78:4F:43:5A:1B:86,1715252653
DC:23:4F:6C:F3:35,1715252667
30:38:A8:EB:81:BE,1715252667
75:77:C2:5E:6E:DD,1715252667
66:C8:B7:6E:7D:49,1715252667
78:B5:37:05:A3:B6,1715252667
4C:97:2E:5A:DD:D1,1715252667
7C:81:76:D4:51:98,1715252667
70:DD:A8:50:80:6B,1715252667
00:18:E5:04:56:19,1715252667
F4:4E:FD:D7:02:18,1715252667
00:14:41:22:CE:7A,1715252667
34:F0:43:47:6A:5C,1715252667
41:42:11:A4:E5:AE,1715252667
48:D8:45:FA:9B:9D,1715252667
58:A6:39:D7:EE:9B,1715252667
84:5F:04:4D:9B:91,1715252667
8C:64:A2:75:03:D7,1715252667
A2:5D:B6:45:56:56,1715252667
F8:5B:6E:5B:18:38,1715252667
A4:CC:B9:98:9A:EA,1715252667
78:4F:43:5A:1B:86,1715252667
